{
    "0": {
        "left_arm": [
            [
                0.8665070689370615,
                -0.06882718138451466,
                -0.49439692412551073,
                0.2947621430828615
            ],
            [
                0.2644915059145431,
                0.9032870582861805,
                0.3378116836815385,
                0.17863443171869497
            ],
            [
                0.423331717192511,
                -0.423479998861058,
                0.8009088261365825,
                -0.02644193565155581
            ],
            [
                0.0,
                0.0,
                0.0,
                1.0
            ]
        ]
    },
    "1": {
        "left_arm": [
            [
                0.948467860281179,
                -0.2613783939256329,
                -0.17913696771604326,
                0.15108210715403791
            ],
            [
                0.2773059651107203,
                0.9582209328307268,
                0.07010025391554293,
                0.3435446718025702
            ],
            [
                0.15333010052711105,
                -0.11616358755594755,
                0.9813235456252323,
                -0.044946856505527016
            ],
            [
                0.0,
                0.0,
                0.0,
                1.0
            ]
        ]
    },
    "2": {
        "left_arm": [
            [
                0.38255439881006603,
                -0.3810920681409196,
                -0.841677472403263,
                0.29116697468721753
            ],
            [
                -0.16138778296794176,
                0.8694051849437746,
                -0.46699958019421545,
                0.26287068570263017
            ],
            [
                0.9097285943949225,
                0.314489204890975,
                0.2710911738645895,
                -0.02121229254997095
            ],
            [
                0.0,
                0.0,
                0.0,
                1.0
            ]
        ]
    },
    "3": {
        "left_arm": [
            [
                0.5882409004667545,
                -0.5971143418986803,
                -0.5453687795583532,
                0.09762908443933126
            ],
            [
                -0.21812585103041415,
                0.5322388194550844,
                -0.8180115843784337,
                0.4651373933049327
            ],
            [
                0.7787128842714232,
                0.6001469001535904,
                0.18283856843050578,
                0.005324721178308733
            ],
            [
                0.0,
                0.0,
                0.0,
                1.0
            ]
        ]
    },
    "4": {
        "left_arm": [
            [
                0.22970395813209182,
                0.5863903829861633,
                -0.7767769373248612,
                0.32922711884430933
            ],
            [
                0.3575287424943232,
                0.6914752044262447,
                0.6277222633889219,
                -0.00368365153457266
            ],
            [
                0.9052122899678716,
                -0.4219103701084202,
                -0.05081682483290173,
                -0.009515351065128214
            ],
            [
                0.0,
                0.0,
                0.0,
                1.0
            ]
        ]
    },
    "5": {
        "left_arm": [
            [
                0.6565053177197425,
                0.1960321654229869,
                -0.7284038426074334,
                0.11835669509549314
            ],
            [
                0.04763280353864996,
                0.9529405173600177,
                0.29939186094593484,
                0.21994386794027218
            ],
            [
                0.7528159694326021,
                -0.23124826592473358,
                0.616272955494605,
                -0.07569831466581041
            ],
            [
                0.0,
                0.0,
                0.0,
                1.0
            ]
        ]
    },
    "6": {
        "left_arm": [
            [
                0.9386546092199864,
                0.020754006611534672,
                -0.34423363548561475,
                0.43354984178345585
            ],
            [
                0.06628944615154206,
                0.9687142301110468,
                0.2391619737945037,
                0.13999245212091405
            ],
            [
                0.33842759036313297,
                -0.2473095460954336,
                0.9079123055070206,
                0.020082212346287875
            ],
            [
                0.0,
                0.0,
                0.0,
                1.0
            ]
        ]
    },
    "7": {
        "left_arm": [
            [
                0.9246009502851957,
                -0.2489338390826877,
                -0.2883487931156769,
                0.37193772761373184
            ],
            [
                0.07521851836681817,
                0.8613473071192043,
                -0.5024171484067758,
                0.474938871753304
            ],
            [
                0.37343708603513603,
                0.4428462038654616,
                0.8151269732351741,
                0.1401182123373187
            ],
            [
                0.0,
                0.0,
                0.0,
                1.0
            ]
        ]
    },
    "8": {
        "left_arm": [
            [
                0.8040929616988451,
                -0.09147699738491953,
                -0.5874235847289575,
                0.5353797063301712
            ],
            [
                0.10453815485936503,
                0.9944512856692121,
                -0.011764973839757498,
                0.2456918370101695
            ],
            [
                0.5852403635473027,
                -0.05194804500931927,
                0.8091941160776757,
                0.1384669819497385
            ],
            [
                0.0,
                0.0,
                0.0,
                1.0
            ]
        ]
    },
    "9": {
        "left_arm": [
            [
                0.675400845760524,
                -0.4912612797619704,
                -0.5499964113997471,
                0.40131554572046363
            ],
            [
                0.39175629505033877,
                0.8708829849497244,
                -0.2967993123534649,
                0.4595604053390854
            ],
            [
                0.6247885264906843,
                -0.015006049836274701,
                0.7806498034547311,
                0.15845196614625115
            ],
            [
                0.0,
                0.0,
                0.0,
                1.0
            ]
        ]
    }
}